{"cameraMode":{"drawMode":0,"name":"Shaded","section":"Shading Mode"},"sceneLighting":true,"audioPlay":false,"sceneViewState":{"showFog":false,"showMaterialUpdate":false,"showSkybox":false,"showFlares":false,"showImageEffects":false,"showParticleSystems":false},"in2DMode":false,"pivot":{"x":316.1553649902344,"y":193.0774383544922,"z":122.194091796875},"rotation":{"x":-0.014997408725321293,"y":0.016497423872351648,"z":-0.00024748159921728075,"w":-0.9997514486312866},"size":531.6646118164063,"orthographic":false}