{"cameraMode":{"drawMode":0,"name":"Shaded","section":"Shading Mode"},"sceneLighting":true,"audioPlay":false,"sceneViewState":{"showFog":false,"showMaterialUpdate":false,"showSkybox":false,"showFlares":false,"showImageEffects":false,"showParticleSystems":false},"in2DMode":false,"pivot":{"x":321.2598876953125,"y":55.061798095703128,"z":627.6123657226563},"rotation":{"x":-0.12257395684719086,"y":-0.04315776377916336,"z":0.005335337948054075,"w":-0.9915062189102173},"size":1166.409423828125,"orthographic":false}